[
  {
    "email": "hngo0131@gmail.com",
    "student_name": "Ngô Văn Hưng",
    "class_name": "8/12",
    "semester": "Học kỳ 2 - Năm học 2026-2027",
    "teacher_name": "Ngô Văn Hưng",
    "report_date": "10/1/2026",
    "school_name": "THCS Lê Văn Tám",
    "school_address": "107F Chu Văn An, Phường 26, Bình Thạnh, Thành phố Hồ Chí Minh",
    "student_photo": "gen-h-ảnh.jpg",
    "grades": [
      {
        "subject": "Toán",
        "mid_term": 8.5,
        "final": 9.0,
        "average": 8.8,
        "comment": "Tư duy logic tốt, nắm vững kiến thức nền tảng."
      },
      {
        "subject": "Ngữ Văn",
        "mid_term": 9.0,
        "final": 8.5,
        "average": 8.7,
        "comment": "Tiếp thu bài nhanh, tích cực đóng góp ý kiến."
      },
      {
        "subject": "Tiếng Anh",
        "mid_term": 9.5,
        "final": 9.0,
        "average": 9.2,
        "comment": "Kỹ năng giao tiếp xuất sắc, phát âm chuẩn."
      },
      {
        "subject": "Tin Học",
        "mid_term": 8.0,
        "final": 9.5,
        "average": 8.9,
        "comment": "Kỹ năng thực hành máy tính rất tốt."
      },
      {
        "subject": "Khoa Học Tự Nhiên",
        "mid_term": 8.5,
        "final": 9.0,
        "average": 8.8,
        "comment": "Làm bài tốt, giỏi."
      }
    ],
    "gpa": 8.88,
    "advice": "Linh là một học sinh có tiềm năng lớn. Cần tiếp tục duy trì phong độ hiện tại và tham gia thêm các hoạt động ngoại khóa để phát triển kỹ năng mềm.",
    "details_link": "https://thcslevantam.hcm.edu.vn/gioi-thieu/c/12761/0",
    "google_maps_link": "https://maps.app.goo.gl/EG7x2bPu5zkvbg4b7"
  }
]